{
  "page": {
    "label": "TRANSLATE.PLUGIN_CONFIGURATION"
  },
  "sections": [
     {
      "id": "trueprevious",
      "element": "section",
      "label": "Previous 4 Remotes",
      "icon": "fa-chevron-circle-left",

      "content": [
          {
          "id": "trueprevious",
          "element": "button",
          "doc": "TRANSLATE.TRUEPREVIOUS_DOC",
          "label": "TRANSLATE.TRUEPREVIOUS_LBL",
          "onClick": {
            "type": "plugin",
            "endpoint": "user_interface/previous4remotes",
            "method": "truePrevious"
            }
          }
      ]
   }
  ]
}

